<?xml version="1.0" encoding="UTF-8" ?>
<!DOCTYPE mapper
  PUBLIC "-//mybatis.org//DTD Mapper 3.0//EN"
  "http://mybatis.org/dtd/mybatis-3-mapper.dtd">
<mapper namespace="BBS">

<!-- 	전체 게시글 갯수 조회 -->
	<select id="totalCount" resultType="int">
		SELECT COUNT(*) AS CNT FROM BBS_T
	</select>

<!-- 	해당 페이지 가져오는 리스트-->
	<select id="list" resultType="com.bc.bbs.vo.BBSVO"
			parameterType="map"> 
		SELECT * 
		    FROM (SELECT ROWNUM R_NUM, BBS.* 
		            FROM (SELECT *
		            FROM BBS_T 
		        	ORDER BY B_IDX DESC
		                )  BBS
		         )
	    	WHERE R_NUM BETWEEN #{begin } AND #{end }
	</select>
	
	
<!-- 	게시글 하나 조회 -->
	<select id="one" parameterType="string" resultType="BBSVO">
		SELECT * 
		FROM BBS_T
		WHERE B_IDX = #{b_idx}
	
	</select>
	
	<!-- ========================== -->
	<!-- 	게시글에 딸린 댓글 조회 -->
	<select id="commList" parameterType="string" resultType="com.bc.bbs.vo.CommVO">
		SELECT * 
	    FROM COMMENT_T
	    WHERE B_IDX = #{b_idx}
	    ORDER BY C_IDX DESC
	</select>
	
	
	
</mapper>